id,busNumber,description,stops
1,1,State Bank to Kunjathbail,State Bank;Car Street;Mannagudda;Ladyhill;Chilimbi;Urwa Store;Kavoor;MCF colony;Kunjathbail
2,1A,State Bank to Tannirbhavi Beach,State Bank;Lalbagh;Urwa Store;Kuloor;Tannirbhavi Beach
3,1B,State Bank to Kodikal,State Bank;Car Street;Mannagudda;Ladyhill;Chilimbi;Urwa Store;Kodikal
4,1C,State Bank to Kodikal,State Bank;Hampankatta;Shedigudde;Lalbagh;Ladyhill;Kodikal Cross;Kodikal
5,2,State Bank to Mukka,State Bank;Lalbagh;Ashoknagar;Baikampady;Surathkal;Mukka
6,2A,State Bank to Sasihitlu,State Bank;Lalbagh;Ashoknagar;Baikampady;Surathkal;Mukka;Sasihitlu
7,2B,Bengare to Bajpe,Bengare;Tannirbhavi Beach;Kuloor;Panambur;Jokatte;Kaana;Port Temple;Bajpe
8,2C,State Bank to Jokatte,State Bank;Lalbagh;Ashoknagar;Baikampady;Baikampady Industrial Estate;Jokatte
9,2D,State Bank to Parkodi,State Bank;Lalbagh;Ashoknagar;Baikampady;Baikampady Industrial Estate;Jokatte;Parkodi
10,2E,Kankanady to Bajpe,Kankanady;Jyothi;Lalbagh;Ashoknagar;Baikampady;Baikampady Industrial Estate;Jokatte;Kalavar;Bajpe
11,2F,Kankanady to Bajpe,Kankanady;Jyothi;Lalbagh;Ashoknagar;Baikampady;Baikampady Industrial Estate;Jokatte;Kalavar;Bajpe
12,2G,Surathkal to Bajpe,Surathkal;Jokatte;Baikampady;Kodikere;Bajpe
13,3A,State Bank to Moodushedde,State Bank;Jyothi;Bendoorwell;Mallikatte;Kadri;Bikkarnakatta;Kulshekar;Kudupu;Vamanjoor;Moodushedde
14,3B,Mangaldevi to Moodushedde,Mangaldevi;Kankanady;Mallikatte;Kadri;Bikkarnakatta;Kulshekar;Kudupu;Vamanjoor;Moodushedde
15,3C,Mangaldevi to Moodushedde,Mangaldevi;Valencia;Nanthoor;Kudpu Temple;Mangala Jyothi;Moodushedde
16,3D,State Bank to Ulaibettu,State Bank;Jyothi;Bunts Hostel;Kadri;Vamanjoor;Ulaibettu
17,3E,Pilikula to Katipalla,Pilikula;Bondel;Kavoor;Katipalla
18,3E,Moodushedde to Kaikamba,Moodushedde;Kuloor;Kavoor;Pachanady;Kaikamba
19,3F,Kottara to Kombel,Kottara;Mallikatte;Kadri;Bejai;Kapikad;Kombel
20,3G,Kottara to Ulaibettu,Kottara;KPT;Kuntikana;Ulaibettu
21,3H,Moodushedde to Chelairpadavu,Moodushedde;Vamanjoor;Kavoor;Surathkal;Chelairpadavu
22,3K,Talapady to Moodushedde,Talapady;Thokottu;Kankanady;Vamanjoor;Moodushedde
23,3L,Kottara to Moodushedde,Kottara;Moodushedde
24,4,State Bank to Kulshekar Chowki,State Bank;Falnir;Kankanady;Bendoorwell;Mallikatte;Kadri;Bikkarnakatta;Kulshekar;Kulshekar Chowki
25,4A,State Bank to Merlapadav,State Bank;Falnir;Kankanady;Bendoorwell;Mallikatte;Kadri;Nanthoor;Kulshekar;Kaikamba;Neermarga;Merlapadav
26,4B,State Bank to Saripalla,State Bank;Falnir;Bendoorwell;ESI;Shivabagh;Nanthoor;Pedamale;Saripalla
27,4C,State Bank to Neermarga,State Bank;Falnir;Kankanady;Bendoorwell;Mallikatte;Kadri;Nanthoor;Kulshekar;Kaikamba;Neermarga
28,4D,Mangaldevi to Kannagudde,Mangaldevi;Morgans Gate;Kankanady;Nanthoor;Kaikamba;Saripalla;Kannagudde
29,4E,Mangaldevi to Merlapadav,Mangaldevi;Morgans Gate;Kankanady;Jyothi;Mallikatte;Nanthoor;Chowki;Neermarga;Kullikola;Adyar Padav;Merlapadav
30,5,State Bank to Morgans Gate,State Bank;Jyothi;Bendoorwell;Kankanady;Nandi Gudda;Marnamikatta;Morgans Gate
31,6A,State Bank to Shaktinagar,State Bank;Jyothi;Bendoorwell;Mallikatte;Kadri;Bikkarnakatta;Kulshekar;Shaktinagar
32,6B,State Bank to Shaktinagar,State Bank;Falnir;Kankanady;Bendoorwell;Mallikatte;Kadri;Bikkarnakatta;Kulshekar;Shaktinagar
33,6C,State Bank to Shaktinagar,State Bank;Jyothi;Bunts Hostel;Mallikatte;Kadri;Bikkarnakatta;Kulshekar;Shaktinagar
34,6D,Mangaldevi to Sconflicthaktinagar,Mangaldevi;Nandi Gudda;Kankanady;Nanthoor;Muthappagudi;Shaktinagar
35,6F,Morgans Gate to Preetinagar,Morgans Gate;Kankanady;Nanthoor;Preetinagar
36,7,State Bank to Urwa Store,State Bank;Car Street;Alake;Mannagudda;Ladyhill;Chilimbi;Urwa Store
37,9,State Bank to Bajal Church,State Bank;Balmatta;Jyothi;Kankanady;Pumpwell;Nagori;Padil;Karmar;Bajal;Jalligudde Cross;Bajal Church
38,9A,State Bank to J.M. Road,State Bank;Pandeshwar;Jeppu;Morgans Gate;Jeppupatna;Ekkur;Mugeru;Bajal;Jalligudde Cross;Bajal Pakkaladka;J.M. Road
39,9A,Clock Tower to Bajal Church,State Bank;Pandeshwar;Jeppu;Morgans Gate;Jeppupatna;Ekkur;Mugeru;Bajal;Bajal Pakkaladka;J.M. Road
40,9B,State Bank to J.M. Road,State Bank;Jyothi;Pumpwell;Ekkur;Mugeru;Bajal;Jalligudde Cross;Bajal Pakkaladka;J.M. Road
41,9C,J.M. Road to Kunjathbail,J.M. Road;Jeppinamogaru;Ladyhill;Kavoor;Kunjathbail
42,10A,State Bank to Adyar,State Bank;Balmatta;Jyothi;Kankanady;Pumpwell;Nagori;Padil;Kannurbettu;Adyar
43,10B,State Bank to Adyar,State Bank;Jyothi;Balmatta;Kankanady;Pumpwell;Nagori;Padil;Kannurbettu;Adyar
44,11A,State Bank to Kannurbettu,State Bank;Falnir;Kankanady;Nagori;Garodi;Padil;Kannurbettu
45,11B,State Bank to Jalligudde,State Bank;Falnir;Kankanady;Nagori;Garodi;Padil;Jalligudde
46,11C,Mangaldevi to Jalligudde,Mangaldevi;Morgans Gate;Nandi Gudda;Kankanady;Nagori;Garodi;Padil;Bajal;Jalligudde Cross;Jalligudde
47,11D,Kottara to Pallakere,Kottara;Bejai;KSRTC;Pallakere
48,12A,State Bank to Polali,State Bank;Jyothi;Bunts Hostel;Mallikatte;Kadri;Bikkarnakatta;Kulshekar;Kudupu;Vamanjoor;Gurupura;Kaikamba;Addoor;Polali
49,12B,State Bank to Kolthamajal,State Bank;Jyothi;Bunts Hostel;Mallikatte;Kadri;Bikkarnakatta;Kulshekar;Kudupu;Vamanjoor;Gurupura;Kaikamba;Addoor;Polali;Kolthamajal
50,13,State Bank to Urwa Store,State Bank;Car Street;Mannagudda;Ladyhill;Chilimbi;Urwa Store
51,13A,State Bank to Kottara,State Bank;Car Street;Mannagudda;Ladyhill;Chilimbi;Urwa Store;Kottara
52,13A,Kunjathbail to Chelairpadavu,State Bank;Car Street;Mannagudda;Ladyhill;Chilimbi;Urwa Store;Kottara
53,13A,Kunjathbail to Katipalla,State Bank;Car Street;Mannagudda;Ladyhill;Chilimbi;Urwa Store;Kottara
54,13B,State Bank to Kunjathbail,State Bank;Shedigudde;Ladyhill;Kuloor;Panjimogaru;Kavoor;Markada;Kunjathbail
55,13C,State Bank to Bondel,State Bank;K.S. Rao Road;Lalbagh;Ladyhill;Kuloor;Kudremukh Housing Colony;Hudco Colony;Govt. Womens polytechnic;Govt. Quarters;Kavoor;Bondel
56,13D,State Bank to Beggari Colony,State Bank;K.S. Rao Road;Lalbagh;Ladyhill;Kuloor;Kudremukh Housing Colony;Hudco Colony;Govt. Womens polytechnic;Govt. Quarters;Kavoor;Bondel;Padangady;Pachanady;Beggari Colony
57,13E,Mangaldevi to Bondel,Mangaldevi;Bendoorwell;Jyothi;Lalbagh;Ladyhill;Kuloor;Kudremukh Housing Colony;Hudco Colony;Govt. Womens polytechnic;Govt. Quarters;Kavoor;Bondel
58,13F,Mangaldevi to Kunjathbail,Mangaldevi;Kankanady;Jyothi;Kuloor;Kunjathbail
59,13G,Mangaldevi to Kunjathbail,Mangaldevi;Kankanady;KPT;Lalbagh;Kunjathbail
60,13G,Kunjathbail to Chelairpadavu,Kunjathbail;Kavoor;Kuloor;Chelairpadavu
61,13G,Kunjathbail to Surathkal,Kunjathbail;Baikampady;Kodikere;Surathkal
62,13H,Mangaldevi to Bondel,Mangaldevi;Nandi Gudda;Valencia;Nanthoor;KPT;Bejai Church;Lalbagh;Ladyhill;Kodikal Cross;Kuloor;Kavoor;Bondel
63,13J,Kunjathbail to Katipalla,Kunjathbail;Kavoor;Kuloor;Baikampady;Surathkal;Katipalla
64,13K,Kunjathbail to Khadgeshwari,Kunjathbail;Kavoor;Kuloor;Baikampady;Surathkal;Khadgeshwari
65,13L,Devinagara to Kulshekar Kaikamba,Devinagara;Kulshekar Kaikamba
66,14,State Bank to Bondel,State Bank;Falnir;Kankanady;Bendoor;KPT;Padavinangadi;Bondel
67,14A,State Bank to Bondel,State Bank;Jyothi;Bendoorwell;Mallikatte;Kadri;Nanthoor;Akashavani;KPT;Yeyyadi;Konchadi;Padangady;Bondel
68,14B,State Bank to Bondel,State Bank;Falnir;Bendoorwell;Mallikatte;Kadri;Nanthoor;Akashavani;KPT;Yeyyadi;Konchadi;Padangady;Bondel
69,14C,Mangaldevi to Bondel,Mangaldevi;Morgans Gate;Attavar;Yemmekere;Nandi Gudda;Kankanady;Mallikatte;Kadri Market;Nanthoor;Akashavani;KPT;Yeyyadi;Konchadi;Padangady;Bondel
70,14D,Jeppu Market to Bondel,Jeppu Market;Kankanady;Nanthoor;Bondel
71,14E,Pumpwell to Vamanjoor,Pumpwell;KPT;Pachanady;Vamanjoor
72,14F,Kunjathbail to Kankanady,Kunjathbail;Markada;Kavoor;Bondel;Padavinangadi;Yeyyadi;KPT;Kadri;Nanthoor;Mallikatte;Kankanady
73,15,Mangaldevi to Surathkal,Mangaldevi;Morgans Gate;Nandi Gudda;Kankanady;Mallikatte;Kadri Market;Nanthoor;Akashavani;Bejai;KSRTC Bus Stand;Bharat Mall;Lalbagh;Ladyhill;Kuloor;Baikampady;Surathkal
74,15A,Mangaldevi to Katipalla,Mangaldevi;Morgans Gate;Nandi Gudda;Kankanady;Mallikatte;Kadri Market;Nanthoor;Akashavani;Bejai;KSRTC Bus Stand;Bharat Mall;Lalbagh;Ladyhill;Kuloor;Baikampady;Surathkal;Krishnapura;Katipalla
75,15A,Mangaldevi to Madhya Padavu,Mangaldevi;Morgans Gate;Nandi Gudda;Kankanady;Mallikatte;Kadri Market;Nanthoor;Akashavani;Bejai;KSRTC Bus Stand;Bharat Mall;Lalbagh;Ladyhill;Kuloor;Baikampady;Surathkal;Krishnapura;Madhya Padavu
76,15A,Mangaldevi to Kulshekar Kaikamba,Mangaldevi;Morgans Gate;Nandi Gudda;Kankanady;Mallikatte;Kadri Market;Nanthoor;Akashavani;Bejai;KSRTC Bus Stand;Bharat Mall;Lalbagh;Ladyhill;Kuloor;Baikampady;Surathkal;Krishnapura;Kulshekar Kaikamba
77,15B,Mangaldevi to Chelairpadavu,Mangaldevi;Morgans Gate;Nandi Gudda;Kankanady;Mallikatte;Kadri Market;Nanthoor;Akashavani;Bejai;KSRTC Bus Stand;Bharat Mall;Lalbagh;Ladyhill;Kuloor;Baikampady;Surathkal;Krishnapura;Chelairpadavu
78,15C,Mangaldevi to MRPL,Mangaldevi;Valencia;Kankanady;Nanthoor;Bejai;KSRTC;Lalbagh;Ladyhill;Kottara;Kuloor;Surathkal;Krishnapura;MRPL
79,15C,Mangaldevi to Kaithakumer,Mangaldevi;Valencia;Nanthoor;Bejai;KSRTC;Lalbagh;Ladyhill;Kottara;Kuloor;Surathkal;Katipalla;MRPL;Kaithakumer
80,15D,Mangaldevi to Kuthethoor,Mangaldevi;Valencia;Kankanady;Nanthoor;Bejai;KSRTC;Lalbagh;Ladyhill;Kuloor;Surathkal;MRPL;Kuthethoor
81,15E,Mangaldevi to Ganeshapura,Mangaldevi;Kankanady;Valencia;Nanthoor;Ladyhill;Lalbagh;Kuloor;Ganeshapura
82,15F,Mangaldevi to Kaithakumer,Mangaldevi;Valencia;Kankanady;Nanthoor;Lalbagh;Ladyhill;Kuloor;Surathkal;Katipalla;MRPL;Kaithakumer
83,15G,Mangaldevi to Janatha Colony,Mangaldevi;Valencia;Kankanady;Jyothi;PVS;Ladyhill;Surathkal;Kaana;Janatha Colony
84,15G,Mangaldevi to Janatha Colony,Mangaldevi;Valencia;Kankanady;Jyothi;PVS;Ladyhill;Surathkal;Kaana;Janatha Colony
85,15H,Mangaldevi to Madhya Padavu,Mangaldevi;Valencia;Nanthoor;KPT;Bejai;KSRTC;Lalbagh;Ladyhill;Surathkal;Kaana;Katipalla;Narayanaguru ITI;Madhya Padavu
86,15I,Mangaldevi to Kaikamba,Mangaldevi;Valencia;Kankanady;Nanthoor;KSRTC;Ladyhill;Surathkal;Krishnapura;Kaikamba
97,15J,Mangaldevi to Dambel,Mangaldevi;Valencia;Kankanady;Mallikatte;Nanthoor;KPT;Bejai;KSRTC;Lalbagh;Ladyhill;Urwa Store;Ashoknagar;Dambel
88,15K,Mangaldevi to Dambel,Mangaldevi;Valencia;Nanthoor;Ladyhill;Shediguri;Dambel
89,15L,Mallikatte to Katipalla,Mallikatte;Nanthoor;Ladyhill;Surathkal;Kaana;Katipalla
90,15N,Mangaldevi to Khandige,Mangaldevi;Morgans Gate;Nanthoor;Ladyhill;Surathkal;Madhya Padavu;Chelairpadavu;Khandige
91,15P,Mangaldevi to Mungaru,Mangaldevi;Bendoor;Nanthoor;Baikampady;Mungaru
92,16,State Bank to Sulthan Bathery,State Bank;Mission Street;Azizzudin Road;Kandathpalli;Mandi;Gokarnath Temple;Kudroli;Bokkapatna;Boloor;Sulthan Bathery
93,16A,State Bank to Sulthan Bathery,State Bank;Car Street;Alake;Kudroli;Bokkapatna;Boloor;Sulthan Bathery
94,16B,Nehru Circle to Vishranthi Church Bokkapatna,Nehru Circle;Jyothi;PVS;Lalbagh;Ladyhill;Urwa Market;Vishranthi Church Bokkapatna
95,16C,Sulthan Bathery to Pumpwell,Sulthan Bathery;Urwa Market;Ladyhill;Urwa Store;Kottara;Kuloor;Panjimogaru;Kavoor;Bondel;Padavinangadi;Yeyyadi;KPT;Nanthoor;Kadri;Mallikatte;Kankanady;Pumpwell
96,17,State Bank to Kunjathbail,State Bank;Jyothi;Bunts Hostel;Milagres;K.S. Rao Road;PVS;Empire Mall;Ballalbagh;Lalbagh;Saibeen Complex;Bharat Mall;KSRTC Bus Stand;Kapikad;Balebail;Kottara Cross;Kuntikana;Konchadi;Mullakadu;Kavoor;Maravoor;Kunjathbail
97,17A,State Bank to Kunjathbail,State Bank;Jyothi;Bunts Hostel;Milagres;K.S. Rao Road;PVS;Empire Mall;Ballalbagh;Lalbagh;Saibeen Complex;Bharat Mall;KSRTC Bus Stand;Kapikad;Balebail;Kottara Cross;Kuntikana;Konchadi;Mullakadu;Kavoor;Maravoor;Kunjathbail
98,17B,State Bank to Kunjathbail,State Bank;Jyothi;Bunts Hostel;Milagres;K.S. Rao Road;PVS;Empire Mall;Ballalbagh;Lalbagh;Saibeen Complex;Bharat Mall;KSRTC Bus Stand;Kapikad;Balebail;Kottara Cross;Kuntikana;Konchadi;Mullakadu;Kavoor;Maravoor;Kunjathbail
99,18,State Bank to Morgans Gate,State Bank;Pandeshwar;Hoige Bazar;Bolar;Jeppu Market;Morgans Gate
100,19,State Bank to Pachanady,State Bank;Hampankatta;Jyothi;PVS;Empire Mall;Ballalbagh;Lalbagh;Saibeen Complex;Bharat Mall;KSRTC Bus Stand;Bejai;KPT;Yeyyadi;Konchadi;Padavinangadi;Bondel;Pachanady
101,19,State Bank to Beggars Colony,State Bank;Hampankatta;Jyothi;PVS;Empire Mall;Ballalbagh;Lalbagh;Saibeen Complex;Bharat Mall;KSRTC Bus Stand;Bejai;KPT;Yeyyadi;Konchadi;Padavinangadi;Bondel;Pachanady
102,19A,Kankanady to Bondel,Kankanady;Jyothi;PVS;KSRTC;Maryhill;Bondel
103,21,State Bank to Neermarga,State Bank;Jyothi;Bunts Hostel;Mallikatte;Kadri;Nanthoor;Bikkarnakatta;Kulshekar;Kaikamba;Neermarga
104,21A,State Bank to Arkula Padav,State Bank;Jyothi;Bunts Hostel;Nanthoor;Neermarga;Merlapadav;Arkula Padav
105,22,State Bank to Bajpe,State Bank;Jyothi;Bunts Hostel;Mallikatte;Nanthoor;Bikkarnakatta;Kulshekar;Vamanjoor;Gurupura;Kaikamba;Bajpe
106,22A,State Bank to Bajpe Aerodrome,State Bank;Jyothi;Bunts Hostel;Mallikatte;Nanthoor;Bikkarnakatta;Kulshekar;Vamanjoor;Gurupura;Kaikamba;Bajpe;Bajpe Aerodrome
107,23,State Bank to Faizalnagar,State Bank;Jyothi;Balmatta;Kankanady;Pumpwell;Nagori;Garodi;Padil;Faizalnagar
108,23B,State Bank to Faizalnagar,State Bank;Jyothi;Pumpwell;Alape;Veeranagara;Faizalnagar
109,23C,State Bank to Faizalnagar,State Bank;Falnir;Capitanio;Veeranagara;Faizalnagar
110,27,State Bank to Mangaldevi,State Bank;Attavar;Nandi Gudda;Marnamikatta;Mangaldevi
111,27A,State Bank to Mulihithlu,State Bank;Attavar;Nandi Gudda;Marnamikatta;Mangaldevi;Mulihithlu
112,29,State Bank to Morgans Gate,State Bank;Pandeshwar;Yemmekere;Bolar;Jeppu Market;Morgans Gate
113,29A,State Bank to Morgans Gate,State Bank;RTO;Pandeshwar;Yemmekere;Mangaldevi Temple;Morgans Gate
114,30,State Bank to Padil,State Bank;Jyothi;Balmatta;Kankanady;Mallikatte;Kadri;Nanthoor;Bikkarnakatta;Maroli;Padil
115,30B,State Bank to Adyar Launch Jetty,State Bank;Jyothi;Balmatta;Kankanady;Mallikatte;Kadri;Nanthoor;Bikkarnakatta;Maroli;Padil;Kannurbettu;Adyar;Adyar Launch Jetty
116,31,State Bank to Shediguri,State Bank;PVS;Canara College;Empire Mall;Ballalbagh;Mannagudda;Urwa Market;Shediguri
117,31A,State Bank to Ashoknagar,State Bank;K.S. Rao Road;PVS;Canara College;Empire Mall;Ballalbagh;Lalbagh;Ladyhill;Urwa Market;Ashoknagar
118,31 B,State Bank to Dambel,State Bank;Car Street;Mannagudda;Urwa Market;Ashoknagar;Dambel
119,31C,Dambel to Nehru Circle,Dambel;Shediguri;Ashoknagar;Mannagudda;Jyothi;Kankanady;Nandi Gudda;Mangaldevi;Pandeshwar;Nehru Circle
120,33,State Bank to Akashabhavan,State Bank;Jyothi;Bunts Hostel;Milagres;K.S. Rao Road;PVS;Empire Mall;Ballalbagh;Lalbagh;Saibeen Complex;Bharat Mall;KSRTC Bus Stand;Kapikad;Balebail;Kottara Cross;Kuntikana;Derebail;Konchadi;Akashabhavan
121,37,State Bank to Padil,State Bank;Jyothi;Balmatta;Kankanady;Mallikatte;Kadri;Nanthoor;Bikkarnakatta;Maroli;Padil
122,41A,State Bank to Chelairpadavu,State Bank;K.S. Rao Road;PVS;Empire Mall;Ballalbagh;Lalbagh;Ladyhill;Kuloor;Baikampady;Surathkal;Krishnapura;Katipalla;Chelairpadavu
123,42,State Bank to Talapady,State Bank;Balmatta;Jyothi;Kankanady;Pumpwell;Thokottu;Kotekar;Beeri;Talapady
124,43B,State Bank to Kinya,State Bank;Balmatta;Jyothi;Kankanady;Pumpwell;Thokottu;Kotekar;Beeri;Talapady;Kinya
125,44,State Bank to Amrithnagar,State Bank;Jyothi;Pumpwell;Thokottu;Kumpala;Amrithnagar
126,44A,State Bank to Someshwar,State Bank;Balmatta;Jyothi;Kankanady;Pumpwell;Thokottu;Ullal;Someshwar
127,44B,State Bank to Eliyar Padavu,State Bank;Balmatta;Jyothi;Kankanady;Pumpwell;Thokottu;Kotekar;Eliyar Padavu
128,44C,State Bank to Ullal Launch Jetty,State Bank;Balmatta;Jyothi;Kankanady;Pumpwell;Thokottu;Ullal;Ullal Launch Jetty
129,44D,State Bank to Kotepura,State Bank;Balmatta;Jyothi;Kankanady;Pumpwell;Thokottu;Ullal;Kotepura
130,44E,Amrithnagar to Nehru Circle,Amrithnagar;Moorukatte;Kumpala;Thokottu;Jeppu Market;Mulihithlu;Lewell;Yemmekere;Nehru Circle
131,44G,Kankanady to Madaka,Kankanady;Pumpwell;Thokottu;Kuthar Padavu;Deralakatte;Mallar;Madaka
132,44I,Amrithnagar to Surathkal,Amrithnagar;Moorukatte;Kumpala cross;Thokottu;Pumpwell;Jyothi;Bunts Hostel;Kadri Temple;Ladyhill;Surathkal
133,44J,Nehru Circle to Someshwar,Nehru Circle;Yemmekere;Mangaldevi;Thokottu;Ullal;Someshwar
134,44K,Someshwar to Konaje,Someshwar;Ombathukere;Thokottu;Kuthar Padavu;Deralakatte;Assaigoli;Konaje
135,44M,State Bank to Eliyar Padavu,State Bank;Jyothi;Pumpwell;Deralakatte;Ranipura;Eliyar Padavu
136,44N,Kankanady to Inoli Temple,Kankanady;Pumpwell;Thokottu;Eliyar Padavu;Gramachavadi;Malar School;Inoli Temple
137,44P,Someshwar to Pavoor,Someshwar;Ullal;Thokottu;Gramachavadi;Inoli Padav;Harekala;Pavoor
138,44T,Someshwara to Kunjathbail,Someshwar;Ullal;Thokottu;Kankanady;Mallikatte;Nanthoor;KPT;Bondel;Kavoor;Kunjathbail
139,45,State Bank to Katipalla,State Bank;K.S. Rao Road;PVS;Empire Mall;Ballalbagh;Lalbagh;Ladyhill;Chilimbi;Urwa Store;Kottara Chowki;Kuloor;Panambur;Surathkal;Kaana;Krishnapura;Katipalla
140,45A,State Bank to Chokkabettu,State Bank;K.S. Rao Road;PVS;Empire Mall;Ballalbagh;Lalbagh;Ladyhill;Chilimbi;Urwa Store;Kottara Chowki;Kuloor;Panambur;Surathkal;Kaana;Krishnapura;Katipalla;Chokkabettu
141,45B,State Bank to Chokkabettu,State Bank;K.S. Rao Road;PVS;Empire Mall;Ballalbagh;Lalbagh;Ladyhill;Chilimbi;Urwa Store;Kottara Chowki;Kuloor;Panambur;Surathkal;Kaana;Krishnapura;Katipalla;Chokkabettu
142,45C,State Bank to Kaikamba,State Bank;K.S. Rao Road;PVS;Empire Mall;Ballalbagh;Lalbagh;Ladyhill;Chilimbi;Urwa Store;Kottara Chowki;Kuloor;Panambur;Surathkal;Kaana;Krishnapura;Katipalla;Mangalpete;Kaikamba
143,45D,State Bank to Kuthethoor,State Bank;K.S. Rao Road;PVS;Empire Mall;Ballalbagh;Lalbagh;Ladyhill;Chilimbi;Urwa Store;Kottara Chowki;Kuloor;Panambur;Surathkal;Kaana;Krishnapura;Katipalla;Mangalpete;MRPL;Kuthethoor
144,45E,State Bank to Kaithakurneri,State Bank;K.S. Rao Road;PVS;Empire Mall;Ballalbagh;Lalbagh;Ladyhill;Chilimbi;Urwa Store;Kottara Chowki;Kuloor;Panambur;Surathkal;Kaana;Krishnapura;Katipalla;Mangalpete;MRPL;Kaithakurneri
145,45F,State Bank to Kaikamba,State Bank;K.S. Rao Road;PVS;Empire Mall;Ballalbagh;Lalbagh;Ladyhill;Chilimbi;Urwa Store;Kottara Chowki;Kuloor;Panambur;Surathkal;Kaana;Krishnapura;Katipalla;Kaikamba
146,45G,State Bank to Janatha Colony,State Bank;K.S. Rao Road;PVS;Empire Mall;Ballalbagh;Lalbagh;Ladyhill;Chilimbi;Urwa Store;Kottara Chowki;Kuloor;Panambur;Surathkal;Kaana;Mason Road;Janatha Colony
147,45H,State Bank to Madhya Padavu,State Bank;K.S. Rao Road;PVS;Empire Mall;Ballalbagh;Lalbagh;Ladyhill;Chilimbi;Urwa Store;Kottara Chowki;Kuloor;Panambur;Surathkal;Kaana;Krishnapura;Katipalla;Madhya Padavu
148,47,State Bank to Bajpe,State Bank;Jyothi;Bunts Hostel;Milagres;K.S. Rao Road;PVS;Empire Mall;Ballalbagh;Lalbagh;Saibeen Complex;Bharat Mall;KSRTC Bus Stand;Kapikad;Balebail;Kottara Cross;Kuntikana;Kavoor;Maravoor;Bajpe
149,47A,State Bank to Bajpe,State Bank;Jyothi;Bunts Hostel;Milagres;K.S. Rao Road;PVS;Empire Mall;Ballalbagh;Lalbagh;Saibeen Complex;Bharat Mall;KSRTC Bus Stand;Kapikad;Balebail;Kottara Cross;Kuntikana;Kavoor;Maravoor;Bajpe
150,47B,State Bank to Bajpe Aerodrome,State Bank;Jyothi;Bunts Hostel;Milagres;K.S. Rao Road;PVS;Empire Mall;Ballalbagh;Lalbagh;Saibeen Complex;Bharat Mall;KSRTC Bus Stand;Kapikad;Balebail;Kottara Cross;Kuntikana;Kavoor;Maravoor;Bajpe;Bajpe Aerodrome
151,47C,State Bank to Kattalsara,State Bank;Jyothi;Bunts Hostel;Milagres;K.S. Rao Road;PVS;Empire Mall;Ballalbagh;Lalbagh;Saibeen Complex;Bharat Mall;KSRTC Bus Stand;Kapikad;Balebail;Kottara Cross;Kuntikana;Kavoor;Maravoor;Bajpe;Bajpe Aerodrome;Bhatrakere;Kattalsara
152,47D,Bajpe to Kankanady,Bajpe;Kavoor;Bhatrakere;Adyapadi;Markada;Kavoor;Kuntikana;KSRTC;Nanthoor;Kankanady
153,47F,Mangaldevi to Bajpe,Mangaldevi;Nandi Gudda;Valencia;Jyothi;PVS;Ladyhill;Kavoor;Markada;Kenjaru;Porkodi;Bajpe
154,51,State Bank to Konaje,State Bank;Balmatta;Jyothi;Kankanady;Pumpwell;Thokottu;Deralakatte;Mangalore University;Konaje
155,51A,State Bank to Inoli,State Bank;Balmatta;Jyothi;Kankanady;Pumpwell;Thokottu;Deralakatte;Mangalore University;Konaje;Inoli
156,51B,Kottara to Konaje,Kottara;Urwa Store;Ladyhill;PVS;Jyothi;Kankanady;Pumpwell;Thokottu;Kotekar;Madoor;Deralakatte;Konaje
157,51C,Konaje to MRPL,Konaje;Thokottu;Kuloor;MRPL
158,51D,Kottara to Inoli Padav,Kottara;Kankanady;Thokottu;Inoli Padav
159,51E,State Bank to Hoohakuvakallu,State Bank;Jyothi;Kankanady;Pumpwell;Thokottu;Konaje;Mudipu;Hoohakuvakallu
160,51G,Baikampady to Dharmanagar,Baikampady;Panambur;Lalbagh;Nanthoor;Thokottu;Konaje;Inoli Padav;Dharmanagar
161,51K,Kinya to Kankanady,Kinya;Gorigudde;Thokottu;Kankanady
162,51T,Talapady to Thokottu,Talapady;Deralakatte;Kuthar Padavu;Thokottu
163,53,State Bank to Tibar,State Bank;K.S. Rao Road;PVS;Empire Mall;Ballalbagh;Lalbagh;Ladyhill;Chilimbi;Urwa Store;Kottara Chowki;Kuloor;Panambur;Surathkal;Kaana;Krishnapura;Katipalla;Soorinje;Tibar
164,53A,Kankanady to Tibar,Kankanady;Pumpwell;Nanthoor;Kadri;Kuloor;Surathkal;Chokkabettu;Katipalla;Soorinje;Tibar
165,53B,C.F. Colony to Shibaroor,C.F. Colony;Kuloor;Surathkal;Katipalla;Shibaroor
166,53C,Mangaldevi to Delanthabettu,Mangaldevi;Nandi Gudda;Kankanady;Nanthoor;Ladyhill;Surathkal;Bala;Soorinje;Delanthabettu
167,53D,Porkodi to Shibaroor,Porkodi;Surathkal;Katipalla;Shibaroor
168,54,State Bank to Thaudugoli,State Bank;Balmatta;Jyothi;Kankanady;Pumpwell;Thokottu;Beeri;Maddur;Natekal;Manjanady;Thaudugoli
169,54A,State Bank to Thaudugoli,State Bank;Balmatta;Jyothi;Kankanady;Pumpwell;Thokottu;Deralakatte;Natekal;Manjanady;Thaudugoli
170,54B,State Bank to Hoohakuvakallu,State Bank;RTO;Pandeshwar;Mulihithlu;Morgans Gate;Jeppinamogaru;Thokottu;Manjanady;Narya;Hoohakuvakallu
171,55,State Bank to Pavoor,State Bank;Balmatta;Jyothi;Kankanady;Pumpwell;Thokottu;Kuthar;Deralakatte;Natekal;Konaje;Fajir;Harekala;Pavoor
172,59,State Bank to Surathkal,State Bank;K.S. Rao Road;PVS;Empire Mall;Ballalbagh;Lalbagh;Ladyhill;Kuloor;Baikampady;Chitrapur;Hosabettu;Surathkal
173,60,Anandanagar to Gorigudde,Anandanagar;Nandanapura;Ladyhill;Bejai;Museum;Kadri Temple;Mangalore Junction;Valencia;Gorigudde
174,60B,Ladyhill to Akashabhavan,Ladyhill;Kottara;Akashabhavan
175,61,Kodikal to Mangalore Junction,Kodikal;Kodikal Cross;Ladyhill;Bejai;Museum;Kadri Temple;Pumpwell;Padil;Mangalore Junction
176,62A,Padil Railway Station to Katipalla,Padil Railway Station;KPT;Bondel;Kavoor;Kuloor;Kaikamba;Katipalla
177,65,Kankanady Railway Station to Kaikamba,Kankanady Railway Station;Kuntikana;Surathkal;Kaikamba
178,65E,Kankanady to Ganeshapura,Kankanady;Kottara;Ganeshapura
179,65G,Kankanady to Janatha Colony,Kankanady;Nanthoor;Janatha Colony
